3907,388,BYCW0li8T/QavMH96dCHen8of+8=,V+7OAHsYWCqtQVjCfBn+if9L46U=
3906,388,BYCW0li8T/QavMH96dCHen8of+8=,V+7OAHsYWCqtQVjCfBn+if9L46U=
3905,388,BYCW0li8T/QavMH96dCHen8of+8=,TLuTDzclnriATxpPAxYjCl7CTIo=
3904,388,BYCW0li8T/QavMH96dCHen8of+8=,TLuTDzclnriATxpPAxYjCl7CTIo=
3904,390,BYCW0li8T/QavMH96dCHen8of+8=,rJlRZlAtLP0MFPPxlHeBzCWrjys=
3904,391,BYCW0li8T/QavMH96dCHen8of+8=,rJlRZlAtLP0MFPPxlHeBzCWrjys=
3904,389,BYCW0li8T/QavMH96dCHen8of+8=,TLuTDzclnriATxpPAxYjCl7CTIo=
3907,389,BYCW0li8T/QavMH96dCHen8of+8=,V+7OAHsYWCqtQVjCfBn+if9L46U=
3907,391,BYCW0li8T/QavMH96dCHen8of+8=,Ea37XSWuJ9M3xaKqNlQ8q+cdkL4=
3907,390,BYCW0li8T/QavMH96dCHen8of+8=,Ea37XSWuJ9M3xaKqNlQ8q+cdkL4=
3906,391,BYCW0li8T/QavMH96dCHen8of+8=,Ea37XSWuJ9M3xaKqNlQ8q+cdkL4=
3905,391,He18Y1/FvYx02wghIAAfbPDkKlQ=,rJlRZlAtLP0MFPPxlHeBzCWrjys=
3906,390,He18Y1/FvYx02wghIAAfbPDkKlQ=,Ea37XSWuJ9M3xaKqNlQ8q+cdkL4=
3906,389,He18Y1/FvYx02wghIAAfbPDkKlQ=,V+7OAHsYWCqtQVjCfBn+if9L46U=
3905,390,He18Y1/FvYx02wghIAAfbPDkKlQ=,rJlRZlAtLP0MFPPxlHeBzCWrjys=
3905,389,He18Y1/FvYx02wghIAAfbPDkKlQ=,TLuTDzclnriATxpPAxYjCl7CTIo=
